{"resetPos":{"x":362.31,"y":-0.490000963,"normalized":{"x":0.999999046,"y":-0.0013524344,"normalized":{"x":0.9999991,"y":-0.00135243451,"magnitude":1.0,"sqrMagnitude":1.0},"magnitude":0.99999994,"sqrMagnitude":0.99999994},"magnitude":362.310333,"sqrMagnitude":131268.781},"hasPush":true,"hasSlow":true,"hasJetPack":false,"hasSwing":true,"CrystalPlatform":false}